id;title;file_name;file_size;mime_type;sha_256;s_3_key;s_3_bucket;s_3_region;s_3_etag;thumbnail_s_3_key;thumbnail_sha_256;webp_preview_s_3_key;webp_preview_sha_256;upload_date;is_public;download_count;view_count;detected_language;manual_language;language_confidence;page_count;created_date;created_by;document_type_id
1;following at plus;slipper scram;6914;indelible through;gleefully incidentally exactly;rightfully triumphantly;er blindly;what;ew around;murky;unto;positively supposing handy;stake;2025-12-25T06:33:31;false;2626;4946;informal;amongst pa;0.84;151;2025-12-25T07:07:44;thorough;1
2;where always happily;upside-down;17648;really;over sate squirm;quinoa halt dampen;although stage;furthermore;dramatic;diligent slather phew;huzzah accidentally;at absentmindedly dandelion;sniff gallivant wholly;2025-12-24T23:02:51;false;1135;24996;gloomy;derby jell;0.96;26709;2025-12-25T08:25:48;since;2
3;pish psst pinstripe;thunderbolt;19169;astride;shabby doorpost now;ugh wetly;uh-huh why;zowie until;impractical amongst;destock aboard collectivization;before dreamily;merrily anenst;hotfoot against;2025-12-25T02:41:26;false;5933;29046;speedily b;forecast u;0.81;2175;2025-12-24T23:45:53;naturally plus;3
4;uselessly sightseeing;onto tributary joshingly;30595;which er amidst;whereas;mathematics stormy gah;bah immaculate;ew;pish sometimes skeleton;railway unto wherever;kielbasa;brr juicy baa;censor inasmuch eek;2025-12-25T04:53:30;false;31248;11662;with psst ;uncover no;0.68;25437;2025-12-25T07:06:13;but extroverted;4
5;nor er continually;boohoo;27598;igloo;toady solidly;unlike;among empty wear;uh-huh apud beneath;over nice;anti out;beside;reckless dearly epic;meager ascribe;2025-12-24T12:39:18;false;18345;16012;since time;t-shirt;0.73;5373;2025-12-24T21:23:05;extremely unlike;5
6;eek fixed unethically;bashfully loftily debut;21039;parsnip amongst;from disloyal;garrote illiterate whoa;christen;whoever persecute;stranger bidet;against knight kit;candid seriously;stir-fry;that technologist um;2025-12-24T18:29:02;true;1601;8080;brook fast;which geez;0.59;9001;2025-12-25T09:50:46;highly out;6
7;patiently ham;dally carnival decouple;10340;given more wisely;drab backburn;crooked ferret restfully;rosemary liquid;accentuate;optimal into;arbitrate;yahoo pastel gosh;provided versus meaningfully;graceful instantly rigidly;2025-12-24T12:01:37;false;7816;11360;overburden;dream;0.67;18581;2025-12-24T15:18:38;following likewise;7
8;desecrate insolence fooey;blah overcharge scarcely;21037;accidentally;which apropos unbearably;although huge;toward however yuck;after repurpose assail;battle;yum before;helpfully instead agreement;near;drat;2025-12-24T18:27:04;false;2927;28664;reproachfu;tabletop m;0.08;24213;2025-12-25T01:38:36;and ick yowza;8
9;forenenst;wide-eyed yowza against;14222;but aha as;well-lit whoa ew;hm permafrost;whimsical hmph inasmuch;lest receptor sundae;ick tremendously now;please;oh;commandeer;granular but elegantly;2025-12-24T15:38:57;true;18363;28306;but circa;now;0.02;31491;2025-12-24T20:15:26;actually inexperienced;9
10;if cool;digestive solidly;12748;instructive yin till;meh windy;ragged physically ugh;worldly;kindheartedly;besides towards;ugh circular;like surprisingly optimal;tarragon;encouragement whose sham;2025-12-24T13:54:09;true;11671;21970;zowie what;quicker;0.91;15713;2025-12-24T16:03:44;anxiously ick;10
